country,occupation,candidate_classification,decision,reason,evidence_url,new_mapping_approved
GB,administrative_assistant,SOC2020:4159,broad_category_review,Administrative assistant aparece como exemplo numa categoria residual de outras profissões administrativas; não aprovar só pelo título.,https://www.ons.gov.uk/employmentandlabourmarket/peopleinwork/earningsandworkinghours/datasets/occupation4digitsoc2010ashetable14/2025provisional,false
GB,agricultural_worker,SOC2020:9111,scope_review,"Farm workers tem média 2025 publicada com CV 15%; mediana x/CV 23% excluída. Validar âmbito de trabalho agrícola elementar, distinto de agricultura qualificada, antes de mapear.",https://www.ons.gov.uk/employmentandlabourmarket/peopleinwork/earningsandworkinghours/datasets/occupation4digitsoc2010ashetable14/2025provisional,false
GB,auditor,SOC2020:2421,shared_category_review,2421 inclui accountants e qualified auditors; não é uma estatística exclusiva de auditores.,https://www.ons.gov.uk/employmentandlabourmarket/peopleinwork/earningsandworkinghours/datasets/occupation4digitsoc2010ashetable14/2025provisional,false
GB,construction_worker,,classification_review_required,Sem correspondência nova aprovada; consultar descrição oficial detalhada e definição EarnWage. Ausência no snapshot não prova ausência na fonte.,https://www.ons.gov.uk/employmentandlabourmarket/peopleinwork/earningsandworkinghours/datasets/occupation4digitsoc2010ashetable14/2025provisional,false
GB,dentist,SOC2020:2253,suppressed_or_cv_over_20,"A correspondência já existe; ambas as medidas 2025 continuam excluídas. Investigar ano anterior com CV, sem imputar valores.",https://www.ons.gov.uk/employmentandlabourmarket/peopleinwork/earningsandworkinghours/datasets/occupation4digitsoc2010ashetable14/2025provisional,false
GB,doctor,SOC2020:2211;2212,scope_split,A classificação separa generalistas e especialistas; nenhuma subclasse representa todos os médicos.,https://www.ons.gov.uk/employmentandlabourmarket/peopleinwork/earningsandworkinghours/datasets/occupation4digitsoc2010ashetable14/2025provisional,false
GB,industrial_operator,,classification_review_required,Sem correspondência nova aprovada; consultar descrição oficial detalhada e definição EarnWage. Ausência no snapshot não prova ausência na fonte.,https://www.ons.gov.uk/employmentandlabourmarket/peopleinwork/earningsandworkinghours/datasets/occupation4digitsoc2010ashetable14/2025provisional,false
GB,it_technician,SOC2020:3131;3132,scope_review,Operação de sistemas e apoio ao utilizador estão separados; validar definição EarnWage. A tabela salarial diz IT operations technicians; o workbook classificativo 20260827 diz IT technicians. Rever a alteração da classificação antes de ligar os títulos.,https://www.ons.gov.uk/employmentandlabourmarket/peopleinwork/earningsandworkinghours/datasets/occupation4digitsoc2010ashetable14/2025provisional,false
GB,lawyer,SOC2020:2411;2412;2419,scope_review,"2412 inclui lawyers/solicitors, mas não todos os profissionais jurídicos; validar âmbito EarnWage antes de aceitar.",https://www.ons.gov.uk/employmentandlabourmarket/peopleinwork/earningsandworkinghours/datasets/occupation4digitsoc2010ashetable14/2025provisional,false
GB,manager,,classification_review_required,Sem correspondência nova aprovada; consultar descrição oficial detalhada e definição EarnWage. Ausência no snapshot não prova ausência na fonte.,https://www.ons.gov.uk/employmentandlabourmarket/peopleinwork/earningsandworkinghours/datasets/occupation4digitsoc2010ashetable14/2025provisional,false
GB,nurse,SOC2020:2231-2237,scope_split,Sete classes de enfermagem; 2237 não é um total de enfermeiros.,https://www.ons.gov.uk/employmentandlabourmarket/peopleinwork/earningsandworkinghours/datasets/occupation4digitsoc2010ashetable14/2025provisional,false
GB,psychologist,SOC2020:2225;2226,scope_split,Psicólogos clínicos e outros psicólogos são classes separadas.,https://www.ons.gov.uk/employmentandlabourmarket/peopleinwork/earningsandworkinghours/datasets/occupation4digitsoc2010ashetable14/2025provisional,false
GB,supermarket_worker,SOC2020:7111,broad_category_review,Sales and retail assistants já serve sales_assistant; não identifica exclusivamente trabalhadores de supermercado.,https://www.ons.gov.uk/employmentandlabourmarket/peopleinwork/earningsandworkinghours/datasets/occupation4digitsoc2010ashetable14/2025provisional,false
GB,teacher,,classification_review_required,Sem correspondência nova aprovada; consultar descrição oficial detalhada e definição EarnWage. Ausência no snapshot não prova ausência na fonte.,https://www.ons.gov.uk/employmentandlabourmarket/peopleinwork/earningsandworkinghours/datasets/occupation4digitsoc2010ashetable14/2025provisional,false
DE,agricultural_worker,,official_access_blocked,"Verificar KldB Berufsgattung, nível de exigência e ausência de fallback; acesso oficial bloqueado.",https://www.arbeitsagentur.de/hilfe-entgeltatlas,false
DE,auditor,,official_access_blocked,"Verificar KldB Berufsgattung, nível de exigência e ausência de fallback; acesso oficial bloqueado.",https://www.arbeitsagentur.de/hilfe-entgeltatlas,false
DE,construction_worker,,official_access_blocked,"Verificar KldB Berufsgattung, nível de exigência e ausência de fallback; acesso oficial bloqueado.",https://www.arbeitsagentur.de/hilfe-entgeltatlas,false
DE,data_analyst,,official_access_blocked,"Verificar KldB Berufsgattung, nível de exigência e ausência de fallback; acesso oficial bloqueado.",https://www.arbeitsagentur.de/hilfe-entgeltatlas,false
DE,industrial_operator,,official_access_blocked,"Verificar KldB Berufsgattung, nível de exigência e ausência de fallback; acesso oficial bloqueado.",https://www.arbeitsagentur.de/hilfe-entgeltatlas,false
DE,it_technician,,official_access_blocked,"Verificar KldB Berufsgattung, nível de exigência e ausência de fallback; acesso oficial bloqueado.",https://www.arbeitsagentur.de/hilfe-entgeltatlas,false
DE,manager,,official_access_blocked,"Verificar KldB Berufsgattung, nível de exigência e ausência de fallback; acesso oficial bloqueado.",https://www.arbeitsagentur.de/hilfe-entgeltatlas,false
DE,pharmacist,,official_access_blocked,"Verificar KldB Berufsgattung, nível de exigência e ausência de fallback; acesso oficial bloqueado.",https://www.arbeitsagentur.de/hilfe-entgeltatlas,false
DE,psychologist,,official_access_blocked,"Verificar KldB Berufsgattung, nível de exigência e ausência de fallback; acesso oficial bloqueado.",https://www.arbeitsagentur.de/hilfe-entgeltatlas,false
DE,receptionist,,official_access_blocked,"Verificar KldB Berufsgattung, nível de exigência e ausência de fallback; acesso oficial bloqueado.",https://www.arbeitsagentur.de/hilfe-entgeltatlas,false
DE,supermarket_worker,,official_access_blocked,"Verificar KldB Berufsgattung, nível de exigência e ausência de fallback; acesso oficial bloqueado.",https://www.arbeitsagentur.de/hilfe-entgeltatlas,false
DE,teacher,,official_access_blocked,"Verificar KldB Berufsgattung, nível de exigência e ausência de fallback; acesso oficial bloqueado.",https://www.arbeitsagentur.de/hilfe-entgeltatlas,false
DE,warehouse_operator,,official_access_blocked,"Verificar KldB Berufsgattung, nível de exigência e ausência de fallback; acesso oficial bloqueado.",https://www.arbeitsagentur.de/hilfe-entgeltatlas,false
FR,accountant,PCS-ESE:543B;543C;461D;373A;373C,scope_split,"Empregados, técnicos e quadros financeiros/contabilísticos não formam uma única profissão contabilista.",https://api.insee.fr/melodi/file/DS_DERA_PRIVE_ANNUEL/DS_DERA_PRIVE_ANNUEL_2024_CSV_FR,false
FR,administrative_assistant,PCS-ESE:542A;461B;461C,scope_split,"Secretariado comum, de direção e de nível superior; validar âmbito sem média inventada.",https://api.insee.fr/melodi/file/DS_DERA_PRIVE_ANNUEL/DS_DERA_PRIVE_ANNUEL_2024_CSV_FR,false
FR,agricultural_worker,,outside_dataset_scope,O universo descrito no snapshot exclui assalariados agrícolas; esta fonte não resolve a lacuna.,https://api.insee.fr/melodi/file/DS_DERA_PRIVE_ANNUEL/DS_DERA_PRIVE_ANNUEL_2024_CSV_FR,false
FR,auditor,PCS-ESE:372B,broad_category_review,Organização/controlo administrativo e financeiro inclui funções diferentes da auditoria.,https://api.insee.fr/melodi/file/DS_DERA_PRIVE_ANNUEL/DS_DERA_PRIVE_ANNUEL_2024_CSV_FR,false
FR,construction_worker,,classification_review_required,Sem correspondência nova aprovada; consultar descrição oficial detalhada e definição EarnWage. Ausência no snapshot não prova ausência na fonte.,https://api.insee.fr/melodi/file/DS_DERA_PRIVE_ANNUEL/DS_DERA_PRIVE_ANNUEL_2024_CSV_FR,false
FR,cybersecurity_specialist,PCS-ESE:388B;478D,broad_category_review,Administração/suporte informático e redes não identificam exclusivamente cibersegurança.,https://api.insee.fr/melodi/file/DS_DERA_PRIVE_ANNUEL/DS_DERA_PRIVE_ANNUEL_2024_CSV_FR,false
FR,data_analyst,,classification_review_required,Ainda sem correspondência PCS-ESE validada; não substituir por especialistas informáticos ou estudos económicos.,https://api.insee.fr/melodi/file/DS_DERA_PRIVE_ANNUEL/DS_DERA_PRIVE_ANNUEL_2024_CSV_FR,false
FR,financial_analyst,PCS-ESE:372A;376A,broad_category_review,Estudos económicos/financeiros/comerciais e mercados financeiros têm âmbitos diferentes e amplos.,https://api.insee.fr/melodi/file/DS_DERA_PRIVE_ANNUEL/DS_DERA_PRIVE_ANNUEL_2024_CSV_FR,false
FR,industrial_operator,,classification_review_required,Sem correspondência nova aprovada; consultar descrição oficial detalhada e definição EarnWage. Ausência no snapshot não prova ausência na fonte.,https://api.insee.fr/melodi/file/DS_DERA_PRIVE_ANNUEL/DS_DERA_PRIVE_ANNUEL_2024_CSV_FR,false
FR,manager,,classification_review_required,Sem correspondência nova aprovada; consultar descrição oficial detalhada e definição EarnWage. Ausência no snapshot não prova ausência na fonte.,https://api.insee.fr/melodi/file/DS_DERA_PRIVE_ANNUEL/DS_DERA_PRIVE_ANNUEL_2024_CSV_FR,false
FR,receptionist,PCS-ESE:541B;541C,scope_split,Acolhimento qualificado e não qualificado separados; não selecionar apenas uma categoria como total.,https://api.insee.fr/melodi/file/DS_DERA_PRIVE_ANNUEL/DS_DERA_PRIVE_ANNUEL_2024_CSV_FR,false
FR,sales_assistant,,classification_review_required,Sem correspondência nova aprovada; consultar descrição oficial detalhada e definição EarnWage. Ausência no snapshot não prova ausência na fonte.,https://api.insee.fr/melodi/file/DS_DERA_PRIVE_ANNUEL/DS_DERA_PRIVE_ANNUEL_2024_CSV_FR,false
FR,secondary_teacher,,classification_review_required,Sem correspondência nova aprovada; consultar descrição oficial detalhada e definição EarnWage. Ausência no snapshot não prova ausência na fonte.,https://api.insee.fr/melodi/file/DS_DERA_PRIVE_ANNUEL/DS_DERA_PRIVE_ANNUEL_2024_CSV_FR,false
FR,software_developer,PCS-ESE:388A,broad_category_review,"Inclui engenheiros/quadros de estudo, investigação e desenvolvimento informático; não identifica apenas software developers.",https://api.insee.fr/melodi/file/DS_DERA_PRIVE_ANNUEL/DS_DERA_PRIVE_ANNUEL_2024_CSV_FR,false
FR,teacher,,classification_review_required,Sem correspondência nova aprovada; consultar descrição oficial detalhada e definição EarnWage. Ausência no snapshot não prova ausência na fonte.,https://api.insee.fr/melodi/file/DS_DERA_PRIVE_ANNUEL/DS_DERA_PRIVE_ANNUEL_2024_CSV_FR,false
FR,waiter,PCS-ESE:561B;561C,scope_split,Serviço de restauração qualificado e não qualificado separados; não calcular média simples.,https://api.insee.fr/melodi/file/DS_DERA_PRIVE_ANNUEL/DS_DERA_PRIVE_ANNUEL_2024_CSV_FR,false
FR,warehouse_operator,PCS-ESE:652A;676A,scope_split,Manuseamento qualificado/caristas e não qualificado; não confundir com warehouse_operator genérico.,https://api.insee.fr/melodi/file/DS_DERA_PRIVE_ANNUEL/DS_DERA_PRIVE_ANNUEL_2024_CSV_FR,false
NL,agricultural_worker,BRC:0911;0921,scope_split,Explorações agrícolas/florestais e auxiliares de agricultura/horticultura têm universos diferentes.,https://datasets.cbs.nl/odata/v1/CBS/86355NED/BeroepCodes,false
NL,auditor,,classification_review_required,Sem correspondência nova aprovada; consultar descrição oficial detalhada e definição EarnWage. Ausência no snapshot não prova ausência na fonte.,https://datasets.cbs.nl/odata/v1/CBS/86355NED/BeroepCodes,false
NL,bus_driver,BRC:1213,broad_category_review,Buschauffeurs en trambestuurders inclui condutores de autocarro e elétrico.,https://datasets.cbs.nl/odata/v1/CBS/86355NED/BeroepCodes,false
NL,civil_engineer,BRC:0712,broad_category_review,"Ingenieurs (geen elektrotechniek) reúne engenharia civil, mecânica, química e outras.",https://datasets.cbs.nl/odata/v1/CBS/86355NED/BeroepCodes,false
NL,construction_worker,BRC:0731;0733;0781,scope_split,"Construção estrutural, acabamentos e auxiliares separados; nenhuma classe representa todo o rótulo.",https://datasets.cbs.nl/odata/v1/CBS/86355NED/BeroepCodes,false
NL,data_analyst,,classification_review_required,Sem correspondência nova aprovada; consultar descrição oficial detalhada e definição EarnWage. Ausência no snapshot não prova ausência na fonte.,https://datasets.cbs.nl/odata/v1/CBS/86355NED/BeroepCodes,false
NL,dentist,BRC:1011,broad_category_review,A categoria Artsen não separa dentistas.,https://datasets.cbs.nl/odata/v1/CBS/86355NED/BeroepCodes,false
NL,doctor,BRC:1011,broad_category_review,"Artsen inclui médicos, veterinários, dentistas e farmacêuticos.",https://datasets.cbs.nl/odata/v1/CBS/86355NED/BeroepCodes,false
NL,financial_analyst,BRC:0412,broad_category_review,"Financieel specialisten en economen inclui diversas funções financeiras, não apenas analistas.",https://datasets.cbs.nl/odata/v1/CBS/86355NED/BeroepCodes,false
NL,lawyer,,classification_review_required,Sem correspondência nova aprovada; consultar descrição oficial detalhada e definição EarnWage. Ausência no snapshot não prova ausência na fonte.,https://datasets.cbs.nl/odata/v1/CBS/86355NED/BeroepCodes,false
NL,manager,,classification_review_required,Sem correspondência nova aprovada; consultar descrição oficial detalhada e definição EarnWage. Ausência no snapshot não prova ausência na fonte.,https://datasets.cbs.nl/odata/v1/CBS/86355NED/BeroepCodes,false
NL,mechanical_engineer,BRC:0712,broad_category_review,A mesma categoria multidisciplinar não fornece um salário específico de engenheiro mecânico.,https://datasets.cbs.nl/odata/v1/CBS/86355NED/BeroepCodes,false
NL,nurse,BRC:1012;1033,scope_split,Enfermagem especializada e mbo são categorias separadas; não usar uma como total.,https://datasets.cbs.nl/odata/v1/CBS/86355NED/BeroepCodes,false
NL,pharmacist,BRC:1011,broad_category_review,"Artsen não separa farmacêuticos; 1032 refere auxiliares de farmácia, não farmacêuticos.",https://datasets.cbs.nl/odata/v1/CBS/86355NED/BeroepCodes,false
NL,plumber,BRC:0734,broad_category_review,Loodgieters en pijpfitters inclui canalizadores e pipefitters.,https://datasets.cbs.nl/odata/v1/CBS/86355NED/BeroepCodes,false
NL,psychologist,BRC:1022,broad_category_review,Psychologen en sociologen inclui outras disciplinas e funções.,https://datasets.cbs.nl/odata/v1/CBS/86355NED/BeroepCodes,false
NL,supermarket_worker,,classification_review_required,Sem correspondência nova aprovada; consultar descrição oficial detalhada e definição EarnWage. Ausência no snapshot não prova ausência na fonte.,https://datasets.cbs.nl/odata/v1/CBS/86355NED/BeroepCodes,false
NL,teacher,BRC:0111;0112;0113;0114;0115,scope_split,Níveis/modalidades de ensino separados; grupos não substituem professor genérico.,https://datasets.cbs.nl/odata/v1/CBS/86355NED/BeroepCodes,false
NL,welder,BRC:0742,broad_category_review,"Lassers en plaatwerkers inclui soldadores, cortadores e trabalhadores de chapa.",https://datasets.cbs.nl/odata/v1/CBS/86355NED/BeroepCodes,false
